{
    "graph_type": "FC",
    "experiment id": 1,
    "num_agents": 6,
    "connectivity": [
        [
            1.0,
            1.0,
            1.0,
            1.0,
            1.0,
            1.0
        ],
        [
            1.0,
            1.0,
            1.0,
            1.0,
            1.0,
            1.0
        ],
        [
            1.0,
            1.0,
            1.0,
            1.0,
            1.0,
            1.0
        ],
        [
            1.0,
            1.0,
            1.0,
            1.0,
            1.0,
            1.0
        ],
        [
            1.0,
            1.0,
            1.0,
            1.0,
            1.0,
            1.0
        ],
        [
            1.0,
            1.0,
            1.0,
            1.0,
            1.0,
            1.0
        ]
    ],
    "pi": [
        [
            0.16666666666666666,
            0.16666666666666666,
            0.16666666666666666,
            0.16666666666666666,
            0.16666666666666666,
            0.16666666666666666
        ],
        [
            0.16666666666666666,
            0.16666666666666666,
            0.16666666666666666,
            0.16666666666666666,
            0.16666666666666666,
            0.16666666666666666
        ],
        [
            0.16666666666666666,
            0.16666666666666666,
            0.16666666666666666,
            0.16666666666666666,
            0.16666666666666666,
            0.16666666666666666
        ],
        [
            0.16666666666666666,
            0.16666666666666666,
            0.16666666666666666,
            0.16666666666666666,
            0.16666666666666666,
            0.16666666666666666
        ],
        [
            0.16666666666666666,
            0.16666666666666666,
            0.16666666666666666,
            0.16666666666666666,
            0.16666666666666666,
            0.16666666666666666
        ],
        [
            0.16666666666666666,
            0.16666666666666666,
            0.16666666666666666,
            0.16666666666666666,
            0.16666666666666666,
            0.16666666666666666
        ]
    ]
}