{
    "graph_type": "FC",
    "experiment id": 1,
    "num_agents": 9,
    "connectivity": [
        [
            1.0,
            1.0,
            1.0,
            1.0,
            1.0,
            1.0,
            1.0,
            1.0,
            1.0
        ],
        [
            1.0,
            1.0,
            1.0,
            1.0,
            1.0,
            1.0,
            1.0,
            1.0,
            1.0
        ],
        [
            1.0,
            1.0,
            1.0,
            1.0,
            1.0,
            1.0,
            1.0,
            1.0,
            1.0
        ],
        [
            1.0,
            1.0,
            1.0,
            1.0,
            1.0,
            1.0,
            1.0,
            1.0,
            1.0
        ],
        [
            1.0,
            1.0,
            1.0,
            1.0,
            1.0,
            1.0,
            1.0,
            1.0,
            1.0
        ],
        [
            1.0,
            1.0,
            1.0,
            1.0,
            1.0,
            1.0,
            1.0,
            1.0,
            1.0
        ],
        [
            1.0,
            1.0,
            1.0,
            1.0,
            1.0,
            1.0,
            1.0,
            1.0,
            1.0
        ],
        [
            1.0,
            1.0,
            1.0,
            1.0,
            1.0,
            1.0,
            1.0,
            1.0,
            1.0
        ],
        [
            1.0,
            1.0,
            1.0,
            1.0,
            1.0,
            1.0,
            1.0,
            1.0,
            1.0
        ]
    ],
    "pi": [
        [
            0.1111111111111111,
            0.1111111111111111,
            0.1111111111111111,
            0.1111111111111111,
            0.1111111111111111,
            0.1111111111111111,
            0.1111111111111111,
            0.1111111111111111,
            0.1111111111111111
        ],
        [
            0.1111111111111111,
            0.1111111111111111,
            0.1111111111111111,
            0.1111111111111111,
            0.1111111111111111,
            0.1111111111111111,
            0.1111111111111111,
            0.1111111111111111,
            0.1111111111111111
        ],
        [
            0.1111111111111111,
            0.1111111111111111,
            0.1111111111111111,
            0.1111111111111111,
            0.1111111111111111,
            0.1111111111111111,
            0.1111111111111111,
            0.1111111111111111,
            0.1111111111111111
        ],
        [
            0.1111111111111111,
            0.1111111111111111,
            0.1111111111111111,
            0.1111111111111111,
            0.1111111111111111,
            0.1111111111111111,
            0.1111111111111111,
            0.1111111111111111,
            0.1111111111111111
        ],
        [
            0.1111111111111111,
            0.1111111111111111,
            0.1111111111111111,
            0.1111111111111111,
            0.1111111111111111,
            0.1111111111111111,
            0.1111111111111111,
            0.1111111111111111,
            0.1111111111111111
        ],
        [
            0.1111111111111111,
            0.1111111111111111,
            0.1111111111111111,
            0.1111111111111111,
            0.1111111111111111,
            0.1111111111111111,
            0.1111111111111111,
            0.1111111111111111,
            0.1111111111111111
        ],
        [
            0.1111111111111111,
            0.1111111111111111,
            0.1111111111111111,
            0.1111111111111111,
            0.1111111111111111,
            0.1111111111111111,
            0.1111111111111111,
            0.1111111111111111,
            0.1111111111111111
        ],
        [
            0.1111111111111111,
            0.1111111111111111,
            0.1111111111111111,
            0.1111111111111111,
            0.1111111111111111,
            0.1111111111111111,
            0.1111111111111111,
            0.1111111111111111,
            0.1111111111111111
        ],
        [
            0.1111111111111111,
            0.1111111111111111,
            0.1111111111111111,
            0.1111111111111111,
            0.1111111111111111,
            0.1111111111111111,
            0.1111111111111111,
            0.1111111111111111,
            0.1111111111111111
        ]
    ]
}