{
    "graph_type": "Bipar",
    "experiment id": 3,
    "num_agents": 6,
    "connectivity": [
        [
            1.0,
            0.0,
            0.0,
            0.0,
            1.0,
            1.0
        ],
        [
            0.0,
            1.0,
            0.0,
            0.0,
            1.0,
            1.0
        ],
        [
            0.0,
            0.0,
            1.0,
            0.0,
            1.0,
            1.0
        ],
        [
            0.0,
            0.0,
            0.0,
            1.0,
            1.0,
            1.0
        ],
        [
            1.0,
            1.0,
            1.0,
            1.0,
            1.0,
            0.0
        ],
        [
            1.0,
            1.0,
            1.0,
            1.0,
            0.0,
            1.0
        ]
    ],
    "pi": [
        [
            0.6,
            0.0,
            0.0,
            0.0,
            0.2,
            0.2
        ],
        [
            0.0,
            0.6,
            0.0,
            0.0,
            0.2,
            0.2
        ],
        [
            0.0,
            0.0,
            0.6,
            0.0,
            0.2,
            0.2
        ],
        [
            0.0,
            0.0,
            0.0,
            0.6,
            0.2,
            0.2
        ],
        [
            0.2,
            0.2,
            0.2,
            0.2,
            0.19999999999999996,
            0.0
        ],
        [
            0.2,
            0.2,
            0.2,
            0.2,
            0.0,
            0.19999999999999996
        ]
    ]
}