{
    "graph_type": "FC",
    "experiment id": 1,
    "num_agents": 7,
    "connectivity": [
        [
            1.0,
            1.0,
            1.0,
            1.0,
            1.0,
            1.0,
            1.0
        ],
        [
            1.0,
            1.0,
            1.0,
            1.0,
            1.0,
            1.0,
            1.0
        ],
        [
            1.0,
            1.0,
            1.0,
            1.0,
            1.0,
            1.0,
            1.0
        ],
        [
            1.0,
            1.0,
            1.0,
            1.0,
            1.0,
            1.0,
            1.0
        ],
        [
            1.0,
            1.0,
            1.0,
            1.0,
            1.0,
            1.0,
            1.0
        ],
        [
            1.0,
            1.0,
            1.0,
            1.0,
            1.0,
            1.0,
            1.0
        ],
        [
            1.0,
            1.0,
            1.0,
            1.0,
            1.0,
            1.0,
            1.0
        ]
    ],
    "pi": [
        [
            0.14285714285714285,
            0.14285714285714285,
            0.14285714285714285,
            0.14285714285714285,
            0.14285714285714285,
            0.14285714285714285,
            0.14285714285714285
        ],
        [
            0.14285714285714285,
            0.14285714285714285,
            0.14285714285714285,
            0.14285714285714285,
            0.14285714285714285,
            0.14285714285714285,
            0.14285714285714285
        ],
        [
            0.14285714285714285,
            0.14285714285714285,
            0.14285714285714285,
            0.14285714285714285,
            0.14285714285714285,
            0.14285714285714285,
            0.14285714285714285
        ],
        [
            0.14285714285714285,
            0.14285714285714285,
            0.14285714285714285,
            0.14285714285714285,
            0.14285714285714285,
            0.14285714285714285,
            0.14285714285714285
        ],
        [
            0.14285714285714285,
            0.14285714285714285,
            0.14285714285714285,
            0.14285714285714285,
            0.14285714285714285,
            0.14285714285714285,
            0.14285714285714285
        ],
        [
            0.14285714285714285,
            0.14285714285714285,
            0.14285714285714285,
            0.14285714285714285,
            0.14285714285714285,
            0.14285714285714285,
            0.14285714285714285
        ],
        [
            0.14285714285714285,
            0.14285714285714285,
            0.14285714285714285,
            0.14285714285714285,
            0.14285714285714285,
            0.14285714285714285,
            0.14285714285714285
        ]
    ]
}