{
    "graph_type": "Bipar",
    "experiment id": 3,
    "num_agents": 7,
    "connectivity": [
        [
            1.0,
            0.0,
            0.0,
            0.0,
            0.0,
            1.0,
            1.0
        ],
        [
            0.0,
            1.0,
            0.0,
            0.0,
            0.0,
            1.0,
            1.0
        ],
        [
            0.0,
            0.0,
            1.0,
            0.0,
            0.0,
            1.0,
            1.0
        ],
        [
            0.0,
            0.0,
            0.0,
            1.0,
            0.0,
            1.0,
            1.0
        ],
        [
            0.0,
            0.0,
            0.0,
            0.0,
            1.0,
            1.0,
            1.0
        ],
        [
            1.0,
            1.0,
            1.0,
            1.0,
            1.0,
            1.0,
            0.0
        ],
        [
            1.0,
            1.0,
            1.0,
            1.0,
            1.0,
            0.0,
            1.0
        ]
    ],
    "pi": [
        [
            0.6799999999999999,
            0.0,
            0.0,
            0.0,
            0.0,
            0.16,
            0.16
        ],
        [
            0.0,
            0.6799999999999999,
            0.0,
            0.0,
            0.0,
            0.16,
            0.16
        ],
        [
            0.0,
            0.0,
            0.6799999999999999,
            0.0,
            0.0,
            0.16,
            0.16
        ],
        [
            0.0,
            0.0,
            0.0,
            0.6799999999999999,
            0.0,
            0.16,
            0.16
        ],
        [
            0.0,
            0.0,
            0.0,
            0.0,
            0.6799999999999999,
            0.16,
            0.16
        ],
        [
            0.16,
            0.16,
            0.16,
            0.16,
            0.16,
            0.19999999999999996,
            0.0
        ],
        [
            0.16,
            0.16,
            0.16,
            0.16,
            0.16,
            0.0,
            0.19999999999999996
        ]
    ]
}