{
    "graph_type": "Bipar",
    "experiment id": 3,
    "num_agents": 4,
    "connectivity": [
        [
            1.0,
            0.0,
            1.0,
            1.0
        ],
        [
            0.0,
            1.0,
            1.0,
            1.0
        ],
        [
            1.0,
            1.0,
            1.0,
            0.0
        ],
        [
            1.0,
            1.0,
            0.0,
            1.0
        ]
    ],
    "pi": [
        [
            0.33999999999999997,
            0.0,
            0.33,
            0.33
        ],
        [
            0.0,
            0.33999999999999997,
            0.33,
            0.33
        ],
        [
            0.33,
            0.33,
            0.33999999999999997,
            0.0
        ],
        [
            0.33,
            0.33,
            0.0,
            0.33999999999999997
        ]
    ]
}